taxon_id,scientific_name,common_name_original,taxonomy_class,generic_label,detector_name_specific,detector_name_broad,grounding_dino_prompt_primary,grounding_dino_prompt_recommended,grounding_dino_prompt_fallback,grounding_dino_prompt_generic,qwen_label_recommended,prompt_strategy,aliases
47516,Oncorhynchus mykiss,Rainbow Trout,Actinopterygii,fish,rainbow trout,trout,rainbow trout. fish.,trout. fish.,trout. fish.,fish.,trout,broad_head,rainbow trout|trout|fish
47518,Salmo trutta,Brown Trout,Actinopterygii,fish,brown trout,trout,brown trout. fish.,trout. fish.,trout. fish.,fish.,trout,broad_head,brown trout|trout|fish
55387,Esox lucius,Northern Pike,Actinopterygii,fish,northern pike,pike,northern pike. fish.,pike. fish.,pike. fish.,fish.,pike,broad_head,northern pike|pike|fish
58662,Semotilus atromaculatus,Creek Chub,Actinopterygii,fish,creek chub,chub,creek chub. fish.,chub. fish.,chub. fish.,fish.,chub,broad_head,creek chub|chub|fish
83290,Zanclus cornutus,Moorish Idol,Actinopterygii,fish,moorish idol,idol,moorish idol. fish.,idol. fish.,idol. fish.,fish.,idol,broad_head,moorish idol|idol|fish
49402,Abudefduf saxatilis,Atlantic Sergeant Major,Actinopterygii,fish,atlantic sergeant major,sergeant major,atlantic sergeant major. fish.,sergeant major. fish.,sergeant major. fish.,fish.,sergeant major,broad_head,atlantic sergeant major|sergeant major|fish
81554,Ictalurus punctatus,Channel Catfish,Actinopterygii,fish,channel catfish,catfish,channel catfish. fish.,catfish. fish.,catfish. fish.,fish.,catfish,broad_head,channel catfish|catfish|fish
58627,Perca flavescens,Yellow Perch,Actinopterygii,fish,yellow perch,perch,yellow perch. fish.,perch. fish.,perch. fish.,fish.,perch,broad_head,yellow perch|perch|fish
85365,Lepomis auritus,Redbreast Sunfish,Actinopterygii,fish,redbreast sunfish,sunfish,redbreast sunfish. fish.,sunfish. fish.,sunfish. fish.,fish.,sunfish,broad_head,redbreast sunfish|sunfish|fish
109062,Perca fluviatilis,European Perch,Actinopterygii,fish,european perch,perch,european perch. fish.,perch. fish.,perch. fish.,fish.,perch,broad_head,european perch|perch|fish
49594,Pomoxis nigromaculatus,Black Crappie,Actinopterygii,fish,black crappie,crappie,black crappie. fish.,crappie. fish.,crappie. fish.,fish.,crappie,broad_head,black crappie|crappie|fish
48403,Gasterosteus aculeatus,Threespine Stickleback,Actinopterygii,fish,threespine stickleback,stickleback,threespine stickleback. fish.,stickleback. fish.,stickleback. fish.,fish.,stickleback,broad_head,threespine stickleback|stickleback|fish
67629,Oligocottus maculosus,Tidepool Sculpin,Actinopterygii,fish,tidepool sculpin,sculpin,tidepool sculpin. fish.,sculpin. fish.,sculpin. fish.,fish.,sculpin,broad_head,tidepool sculpin|sculpin|fish
52313,Diodon hystrix,Spotted Porcupinefish,Actinopterygii,fish,spotted porcupinefish,porcupinefish,spotted porcupinefish. fish.,porcupinefish. fish.,porcupinefish. fish.,fish.,porcupinefish,broad_head,spotted porcupinefish|porcupinefish|fish
49403,Abudefduf vaigiensis,Indo-Pacific Sergeant Major,Actinopterygii,fish,indo pacific sergeant major,sergeant major,indo pacific sergeant major. fish.,sergeant major. fish.,sergeant major. fish.,fish.,sergeant major,broad_head,indo pacific sergeant major|sergeant major|fish
49491,Thalassoma bifasciatum,Caribbean Bluehead Wrasse,Actinopterygii,fish,caribbean bluehead wrasse,wrasse,caribbean bluehead wrasse. fish.,wrasse. fish.,wrasse. fish.,fish.,wrasse,broad_head,caribbean bluehead wrasse|wrasse|fish
54191,Oncorhynchus tshawytscha,Chinook Salmon,Actinopterygii,fish,chinook salmon,salmon,chinook salmon. fish.,salmon. fish.,salmon. fish.,fish.,salmon,broad_head,chinook salmon|salmon|fish
81556,Catostomus commersonii,White Sucker,Actinopterygii,fish,white sucker,sucker,white sucker. fish.,sucker. fish.,sucker. fish.,fish.,sucker,broad_head,white sucker|sucker|fish
49509,Lutjanus griseus,Gray Snapper,Actinopterygii,fish,gray snapper,snapper,gray snapper. fish.,snapper. fish.,snapper. fish.,fish.,snapper,broad_head,gray snapper|snapper|fish
118682,Chromis chromis,Mediterranean Damselfish,Actinopterygii,fish,mediterranean damselfish,damselfish,mediterranean damselfish. fish.,damselfish. fish.,damselfish. fish.,fish.,damselfish,broad_head,mediterranean damselfish|damselfish|fish
187316,Cyprinus rubrofuscus,Amur Carp,Actinopterygii,fish,amur carp,carp,amur carp. fish.,carp. fish.,carp. fish.,fish.,carp,broad_head,amur carp|carp|fish
58633,Etheostoma caeruleum,Rainbow Darter,Actinopterygii,fish,rainbow darter,darter,rainbow darter. fish.,darter. fish.,darter. fish.,fish.,darter,broad_head,rainbow darter|darter|fish
52554,Symphodus tinca,East Atlantic Peacock Wrasse,Actinopterygii,fish,east atlantic peacock wrasse,wrasse,east atlantic peacock wrasse. fish.,wrasse. fish.,wrasse. fish.,fish.,wrasse,broad_head,east atlantic peacock wrasse|wrasse|fish
99544,Dorosoma cepedianum,American Gizzard Shad,Actinopterygii,fish,american gizzard shad,gizzard shad,american gizzard shad. fish.,gizzard shad. fish.,gizzard shad. fish.,fish.,gizzard shad,broad_head,american gizzard shad|gizzard shad|fish
113980,Thalassoma lunare,Moon Wrasse,Actinopterygii,fish,moon wrasse,wrasse,moon wrasse. fish.,wrasse. fish.,wrasse. fish.,fish.,wrasse,broad_head,moon wrasse|wrasse|fish
103901,Labroides dimidiatus,Bluestreak Cleaner Wrasse,Actinopterygii,fish,bluestreak cleaner wrasse,wrasse,bluestreak cleaner wrasse. fish.,wrasse. fish.,wrasse. fish.,fish.,wrasse,broad_head,bluestreak cleaner wrasse|wrasse|fish
49749,Aplodinotus grunniens,Freshwater Drum,Actinopterygii,fish,freshwater drum,drum,freshwater drum. fish.,drum. fish.,drum. fish.,fish.,drum,broad_head,freshwater drum|drum|fish
49303,Dascyllus trimaculatus,Three-spot Dascyllus,Actinopterygii,fish,three spot dascyllus,dascyllus,three spot dascyllus. fish.,dascyllus. fish.,dascyllus. fish.,fish.,dascyllus,broad_head,three spot dascyllus|dascyllus|fish
67658,Paracirrhites forsteri,Freckled Hawkfish,Actinopterygii,fish,freckled hawkfish,hawkfish,freckled hawkfish. fish.,hawkfish. fish.,hawkfish. fish.,fish.,hawkfish,broad_head,freckled hawkfish|hawkfish|fish
112118,Scardinius erythrophthalmus,Common Rudd,Actinopterygii,fish,common rudd,rudd,common rudd. fish.,rudd. fish.,rudd. fish.,fish.,rudd,broad_head,common rudd|rudd|fish
123690,Caranx melampygus,Bluefin Trevally,Actinopterygii,fish,bluefin trevally,trevally,bluefin trevally. fish.,trevally. fish.,trevally. fish.,fish.,trevally,broad_head,bluefin trevally|trevally|fish
47527,Ostracion meleagris,Spotted Boxfish,Actinopterygii,fish,spotted boxfish,boxfish,spotted boxfish. fish.,boxfish. fish.,boxfish. fish.,fish.,boxfish,broad_head,spotted boxfish|boxfish|fish
83318,Arothron meleagris,Guineafowl Puffer,Actinopterygii,fish,guineafowl puffer,puffer,guineafowl puffer. fish.,puffer. fish.,puffer. fish.,fish.,puffer,broad_head,guineafowl puffer|puffer|fish
49378,Ostracion cubicum,Yellow Boxfish,Actinopterygii,fish,yellow boxfish,boxfish,yellow boxfish. fish.,boxfish. fish.,boxfish. fish.,fish.,boxfish,broad_head,yellow boxfish|boxfish|fish
67963,Thalassoma hardwicke,Sixbar Wrasse,Actinopterygii,fish,sixbar wrasse,wrasse,sixbar wrasse. fish.,wrasse. fish.,wrasse. fish.,fish.,wrasse,broad_head,sixbar wrasse|wrasse|fish
69989,Rutilus rutilus,Common Roach,Actinopterygii,fish,common roach,roach,common roach. fish.,roach. fish.,roach. fish.,fish.,roach,broad_head,common roach|roach|fish
84175,Scarus ghobban,Blue-barred Parrotfish,Actinopterygii,fish,blue barred parrotfish,parrotfish,blue barred parrotfish. fish.,parrotfish. fish.,parrotfish. fish.,fish.,parrotfish,broad_head,blue barred parrotfish|parrotfish|fish
109885,Poecilia latipinna,Sailfin Molly,Actinopterygii,fish,sailfin molly,molly,sailfin molly. fish.,molly. fish.,molly. fish.,fish.,molly,broad_head,sailfin molly|molly|fish
48743,Chaetodon lunulatus,Redfin Butterflyfish,Actinopterygii,fish,redfin butterflyfish,butterflyfish,redfin butterflyfish. fish.,butterflyfish. fish.,butterflyfish. fish.,fish.,butterflyfish,broad_head,redfin butterflyfish|butterflyfish|fish
48154,Sander vitreus,Walleye,Actinopterygii,fish,walleye,walleye,walleye. fish.,walleye. fish.,walleye. fish.,fish.,walleye,specific,walleye|fish
121324,Oreochromis niloticus,Nile Tilapia,Actinopterygii,fish,nile tilapia,tilapia,nile tilapia. fish.,tilapia. fish.,tilapia. fish.,fish.,tilapia,broad_head,nile tilapia|tilapia|fish
871060,Acanthurus tractus,Caribbean Ocean Surgeonfish,Actinopterygii,fish,caribbean ocean surgeonfish,surgeonfish,caribbean ocean surgeonfish. fish.,surgeonfish. fish.,surgeonfish. fish.,fish.,surgeonfish,broad_head,caribbean ocean surgeonfish|surgeonfish|fish
94635,Ariopsis felis,Hardhead Catfish,Actinopterygii,fish,hardhead catfish,catfish,hardhead catfish. fish.,catfish. fish.,catfish. fish.,fish.,catfish,broad_head,hardhead catfish|catfish|fish
123459,Pterois miles,Indian Lionfish,Actinopterygii,fish,indian lionfish,lionfish,indian lionfish. fish.,lionfish. fish.,lionfish. fish.,fish.,lionfish,broad_head,indian lionfish|lionfish|fish
118590,Muraena helena,Mediterranean Moray,Actinopterygii,fish,mediterranean moray,ray,mediterranean moray. fish.,ray. fish.,ray. fish.,fish.,ray,broad_head,mediterranean moray|ray|fish
58657,Ameiurus natalis,Yellow Bullhead,Actinopterygii,fish,yellow bullhead,bullhead,yellow bullhead. fish.,bullhead. fish.,bullhead. fish.,fish.,bullhead,broad_head,yellow bullhead|bullhead|fish
57743,Balistapus undulatus,Orangestripe Triggerfish,Actinopterygii,fish,orangestripe triggerfish,triggerfish,orangestripe triggerfish. fish.,triggerfish. fish.,triggerfish. fish.,fish.,triggerfish,broad_head,orangestripe triggerfish|triggerfish|fish
49219,Anguilla rostrata,American Eel,Actinopterygii,fish,american eel,eel,american eel. fish.,eel. fish.,eel. fish.,fish.,eel,broad_head,american eel|eel|fish
96631,Campostoma anomalum,Central Stoneroller,Actinopterygii,fish,central stoneroller,stoneroller,central stoneroller. fish.,stoneroller. fish.,stoneroller. fish.,fish.,stoneroller,broad_head,central stoneroller|stoneroller|fish
51402,Megalops atlanticus,Atlantic Tarpon,Actinopterygii,fish,atlantic tarpon,tarpon,atlantic tarpon. fish.,tarpon. fish.,tarpon. fish.,fish.,tarpon,broad_head,atlantic tarpon|tarpon|fish
311414,Tetractenos glaber,Smooth Toadfish,Actinopterygii,fish,smooth toadfish,toadfish,smooth toadfish. fish.,toadfish. fish.,toadfish. fish.,fish.,toadfish,broad_head,smooth toadfish|toadfish|fish
54441,Echidna nebulosa,Snowflake Moray,Actinopterygii,fish,snowflake moray,ray,snowflake moray. fish.,ray. fish.,ray. fish.,fish.,ray,broad_head,snowflake moray|ray|fish
83297,Scarus rubroviolaceus,Redlip Parrotfish,Actinopterygii,fish,redlip parrotfish,parrotfish,redlip parrotfish. fish.,parrotfish. fish.,parrotfish. fish.,fish.,parrotfish,broad_head,redlip parrotfish|parrotfish|fish
101053,Fundulus diaphanus,Banded Killifish,Actinopterygii,fish,banded killifish,killifish,banded killifish. fish.,killifish. fish.,killifish. fish.,fish.,killifish,broad_head,banded killifish|killifish|fish
52456,Cephalopholis argus,Peacock Grouper,Actinopterygii,fish,peacock grouper,grouper,peacock grouper. fish.,grouper. fish.,grouper. fish.,fish.,grouper,broad_head,peacock grouper|grouper|fish
84498,Rhinichthys obtusus,Western Blacknose Dace,Actinopterygii,fish,western blacknose dace,dace,western blacknose dace. fish.,dace. fish.,dace. fish.,fish.,dace,broad_head,western blacknose dace|dace|fish
111389,Pygoplites diacanthus,Regal Angelfish,Actinopterygii,fish,regal angelfish,angelfish,regal angelfish. fish.,angelfish. fish.,angelfish. fish.,fish.,angelfish,broad_head,regal angelfish|angelfish|fish
210294,Lipophrys pholis,Shanny,Actinopterygii,fish,shanny,shanny,shanny. fish.,shanny. fish.,shanny. fish.,fish.,shanny,specific,shanny|fish
109536,Pimephales promelas,Fathead Minnow,Actinopterygii,fish,fathead minnow,minnow,fathead minnow. fish.,minnow. fish.,minnow. fish.,fish.,minnow,broad_head,fathead minnow|minnow|fish
52451,Naso lituratus,Pacific Orange-spine Unicornfish,Actinopterygii,fish,pacific orange spine unicornfish,unicornfish,pacific orange spine unicornfish. fish.,unicornfish. fish.,unicornfish. fish.,fish.,unicornfish,broad_head,pacific orange spine unicornfish|unicornfish|fish
49601,Mola mola,Common Mola,Actinopterygii,fish,common mola,mola,common mola. fish.,mola. fish.,mola. fish.,fish.,mola,broad_head,common mola|mola|fish
128750,Sciaenops ocellatus,Red Drum,Actinopterygii,fish,red drum,drum,red drum. fish.,drum. fish.,drum. fish.,fish.,drum,broad_head,red drum|drum|fish
93137,Achoerodus viridis,Eastern Blue Groper,Actinopterygii,fish,eastern blue groper,groper,eastern blue groper. fish.,groper. fish.,groper. fish.,fish.,groper,broad_head,eastern blue groper|groper|fish
47292,Ocyurus chrysurus,Yellowtail Snapper,Actinopterygii,fish,yellowtail snapper,snapper,yellowtail snapper. fish.,snapper. fish.,snapper. fish.,fish.,snapper,broad_head,yellowtail snapper|snapper|fish
48747,Chaetodon vagabundus,Vagabond Butterflyfish,Actinopterygii,fish,vagabond butterflyfish,butterflyfish,vagabond butterflyfish. fish.,butterflyfish. fish.,butterflyfish. fish.,fish.,butterflyfish,broad_head,vagabond butterflyfish|butterflyfish|fish
82330,Caranx ruber,Bar Jack,Actinopterygii,fish,bar jack,jack,bar jack. fish.,jack. fish.,jack. fish.,fish.,jack,broad_head,bar jack|jack|fish
82278,Ameiurus melas,Black Bullhead,Actinopterygii,fish,black bullhead,bullhead,black bullhead. fish.,bullhead. fish.,bullhead. fish.,fish.,bullhead,broad_head,black bullhead|bullhead|fish
118685,Parablennius gattorugine,Tompot Blenny,Actinopterygii,fish,tompot blenny,blenny,tompot blenny. fish.,blenny. fish.,blenny. fish.,fish.,blenny,broad_head,tompot blenny|blenny|fish
49493,Thalassoma lucasanum,Cortez Rainbow Wrasse,Actinopterygii,fish,cortez rainbow wrasse,wrasse,cortez rainbow wrasse. fish.,wrasse. fish.,wrasse. fish.,fish.,wrasse,broad_head,cortez rainbow wrasse|wrasse|fish
69922,Oncorhynchus nerka,Sockeye Salmon,Actinopterygii,fish,sockeye salmon,salmon,sockeye salmon. fish.,salmon. fish.,salmon. fish.,fish.,salmon,broad_head,sockeye salmon|salmon|fish
68640,Haletta semifasciata,Blue Weed-whiting,Actinopterygii,fish,blue weed whiting,whiting,blue weed whiting. fish.,whiting. fish.,whiting. fish.,fish.,whiting,broad_head,blue weed whiting|whiting|fish
58659,Hypentelium nigricans,Northern Hog Sucker,Actinopterygii,fish,northern hog sucker,sucker,northern hog sucker. fish.,sucker. fish.,sucker. fish.,fish.,sucker,broad_head,northern hog sucker|sucker|fish
52464,Melichthys niger,Black Triggerfish,Actinopterygii,fish,black triggerfish,triggerfish,black triggerfish. fish.,triggerfish. fish.,triggerfish. fish.,fish.,triggerfish,broad_head,black triggerfish|triggerfish|fish
84432,Morone americana,White Perch,Actinopterygii,fish,white perch,perch,white perch. fish.,perch. fish.,perch. fish.,fish.,perch,broad_head,white perch|perch|fish
58639,Culaea inconstans,Brook Stickleback,Actinopterygii,fish,brook stickleback,stickleback,brook stickleback. fish.,stickleback. fish.,stickleback. fish.,fish.,stickleback,broad_head,brook stickleback|stickleback|fish
107572,Oncorhynchus keta,Chum Salmon,Actinopterygii,fish,chum salmon,salmon,chum salmon. fish.,salmon. fish.,salmon. fish.,fish.,salmon,broad_head,chum salmon|salmon|fish
49210,Plotosus lineatus,Striped Eel Catfish,Actinopterygii,fish,striped eel catfish,catfish,striped eel catfish. fish.,catfish. fish.,catfish. fish.,fish.,catfish,broad_head,striped eel catfish|catfish|fish
132366,Acanthurus xanthopterus,Yellowfin Surgeonfish,Actinopterygii,fish,yellowfin surgeonfish,surgeonfish,yellowfin surgeonfish. fish.,surgeonfish. fish.,surgeonfish. fish.,fish.,surgeonfish,broad_head,yellowfin surgeonfish|surgeonfish|fish
179880,Chromis viridis,Blue-green Chromis,Actinopterygii,fish,blue green chromis,chromis,blue green chromis. fish.,chromis. fish.,chromis. fish.,fish.,chromis,broad_head,blue green chromis|chromis|fish
93611,Alburnus alburnus,Bleak,Actinopterygii,fish,bleak,bleak,bleak. fish.,bleak. fish.,bleak. fish.,fish.,bleak,specific,bleak|fish
52460,Tylosurus crocodilus,Houndfish,Actinopterygii,fish,houndfish,houndfish,houndfish. fish.,houndfish. fish.,houndfish. fish.,fish.,houndfish,specific,houndfish|fish
173412,Poecilia reticulata,Guppy,Actinopterygii,fish,guppy,guppy,guppy. fish.,guppy. fish.,guppy. fish.,fish.,guppy,specific,guppy|fish
65979,Lithobates catesbeianus,American Bullfrog,Amphibia,amphibian,american bullfrog,bullfrog,american bullfrog. amphibian.,bullfrog. amphibian.,bullfrog. amphibian.,amphibian.,bullfrog,broad_head,american bullfrog|bullfrog|amphibian
27186,Plethodon cinereus,Eastern Red-backed Salamander,Amphibia,amphibian,eastern red backed salamander,salamander,eastern red backed salamander. amphibian.,salamander. amphibian.,salamander. amphibian.,amphibian.,salamander,broad_head,eastern red backed salamander|salamander|amphibian
326296,Bufo bufo,European Toad,Amphibia,amphibian,european toad,toad,european toad. amphibian.,toad. amphibian.,toad. amphibian.,amphibian.,toad,broad_head,european toad|toad|amphibian
24268,Pseudacris crucifer,Spring Peeper,Amphibia,amphibian,spring peeper,peeper,spring peeper. amphibian.,peeper. amphibian.,peeper. amphibian.,amphibian.,peeper,broad_head,spring peeper|peeper|amphibian
64970,Anaxyrus boreas,Western Toad,Amphibia,amphibian,western toad,toad,western toad. amphibian.,toad. amphibian.,toad. amphibian.,amphibian.,toad,broad_head,western toad|toad|amphibian
66002,Lithobates palustris,Pickerel Frog,Amphibia,amphibian,pickerel frog,frog,pickerel frog. amphibian.,frog. amphibian.,frog. amphibian.,amphibian.,frog,broad_head,pickerel frog|frog|amphibian
70421,Acris blanchardi,Blanchard's Cricket Frog,Amphibia,amphibian,cricket frog,cricket frog,cricket frog. amphibian.,cricket frog. amphibian.,cricket frog. amphibian.,amphibian.,cricket frog,specific,cricket frog|amphibian
60341,Lithobates sphenocephalus,Southern Leopard Frog,Amphibia,amphibian,southern leopard frog,frog,southern leopard frog. amphibian.,frog. amphibian.,frog. amphibian.,amphibian.,frog,broad_head,southern leopard frog|frog|amphibian
553515,Rhinella marina,Cane Toad,Amphibia,amphibian,cane toad,toad,cane toad. amphibian.,toad. amphibian.,toad. amphibian.,amphibian.,toad,broad_head,cane toad|toad|amphibian
1668922,Dryophytes chrysoscelis,Cope's Gray Tree Frog,Amphibia,amphibian,gray tree frog,tree frog,gray tree frog. amphibian.,tree frog. amphibian.,tree frog. amphibian.,amphibian.,tree frog,broad_head,gray tree frog|tree frog|amphibian
24230,Acris crepitans,Northern Cricket Frog,Amphibia,amphibian,northern cricket frog,cricket frog,northern cricket frog. amphibian.,cricket frog. amphibian.,cricket frog. amphibian.,amphibian.,cricket frog,broad_head,northern cricket frog|cricket frog|amphibian
556621,Bombina variegata,Yellow-bellied Toad,Amphibia,amphibian,yellow bellied toad,toad,yellow bellied toad. amphibian.,toad. amphibian.,toad. amphibian.,amphibian.,toad,broad_head,yellow bellied toad|toad|amphibian
23702,Agalychnis callidryas,Red-eyed Tree Frog,Amphibia,amphibian,red eyed tree frog,tree frog,red eyed tree frog. amphibian.,tree frog. amphibian.,tree frog. amphibian.,amphibian.,tree frog,broad_head,red eyed tree frog|tree frog|amphibian
25488,Rana arvalis,Moor Frog,Amphibia,amphibian,moor frog,frog,moor frog. amphibian.,frog. amphibian.,frog. amphibian.,amphibian.,frog,broad_head,moor frog|frog|amphibian
64377,Lissotriton helveticus,Palmate Newt,Amphibia,amphibian,palmate newt,newt,palmate newt. amphibian.,newt. amphibian.,newt. amphibian.,amphibian.,newt,broad_head,palmate newt|newt|amphibian
326303,Kaloula pulchra,Asian Painted Frog,Amphibia,amphibian,asian painted frog,painted frog,asian painted frog. amphibian.,painted frog. amphibian.,painted frog. amphibian.,amphibian.,painted frog,broad_head,asian painted frog|painted frog|amphibian
27486,Pseudotriton ruber,Red Salamander,Amphibia,amphibian,red salamander,salamander,red salamander. amphibian.,salamander. amphibian.,salamander. amphibian.,amphibian.,salamander,broad_head,red salamander|salamander|amphibian
22039,Limnodynastes peronii,Striped Marsh Frog,Amphibia,amphibian,striped marsh frog,frog,striped marsh frog. amphibian.,frog. amphibian.,frog. amphibian.,amphibian.,frog,broad_head,striped marsh frog|frog|amphibian
27718,Triturus cristatus,Great Crested Newt,Amphibia,amphibian,great crested newt,newt,great crested newt. amphibian.,newt. amphibian.,newt. amphibian.,amphibian.,newt,broad_head,great crested newt|newt|amphibian
24255,Pseudacris maculata,Boreal Chorus Frog,Amphibia,amphibian,boreal chorus frog,chorus frog,boreal chorus frog. amphibian.,chorus frog. amphibian.,chorus frog. amphibian.,amphibian.,chorus frog,broad_head,boreal chorus frog|chorus frog|amphibian
26695,Scaphiopus holbrookii,Eastern Spadefoot,Amphibia,amphibian,eastern spadefoot,spadefoot,eastern spadefoot. amphibian.,spadefoot. amphibian.,spadefoot. amphibian.,amphibian.,spadefoot,broad_head,eastern spadefoot|spadefoot|amphibian
67016,Rana draytonii,California Red-legged Frog,Amphibia,amphibian,california red legged frog,frog,california red legged frog. amphibian.,frog. amphibian.,frog. amphibian.,amphibian.,frog,broad_head,california red legged frog|frog|amphibian
27123,Eurycea lucifuga,Cave Salamander,Amphibia,amphibian,cave salamander,salamander,cave salamander. amphibian.,salamander. amphibian.,salamander. amphibian.,amphibian.,salamander,broad_head,cave salamander|salamander|amphibian
66479,Platyplectrum ornatum,Ornate Burrowing Frog,Amphibia,amphibian,ornate burrowing frog,burrowing frog,ornate burrowing frog. amphibian.,burrowing frog. amphibian.,burrowing frog. amphibian.,amphibian.,burrowing frog,broad_head,ornate burrowing frog|burrowing frog|amphibian
27500,Gyrinophilus porphyriticus,Spring Salamander,Amphibia,amphibian,spring salamander,salamander,spring salamander. amphibian.,salamander. amphibian.,salamander. amphibian.,amphibian.,salamander,broad_head,spring salamander|salamander|amphibian
65828,Incilius alvarius,Sonoran Desert Toad,Amphibia,amphibian,sonoran desert toad,toad,sonoran desert toad. amphibian.,toad. amphibian.,toad. amphibian.,amphibian.,toad,broad_head,sonoran desert toad|toad|amphibian
22038,Limnodynastes dumerilii,Eastern Banjo Frog,Amphibia,amphibian,eastern banjo frog,frog,eastern banjo frog. amphibian.,frog. amphibian.,frog. amphibian.,amphibian.,frog,broad_head,eastern banjo frog|frog|amphibian
66264,Odorrana swinhoana,Swinhoe's frog,Amphibia,amphibian,frog,frog,frog. amphibian.,frog. amphibian.,frog. amphibian.,amphibian.,frog,specific,frog|amphibian
66131,Microhyla fissipes,East Asian Ornate Chorus Frog,Amphibia,amphibian,east asian ornate chorus frog,chorus frog,east asian ornate chorus frog. amphibian.,chorus frog. amphibian.,chorus frog. amphibian.,amphibian.,chorus frog,broad_head,east asian ornate chorus frog|chorus frog|amphibian
1668953,Dryophytes femoralis,Pine Woods Tree Frog,Amphibia,amphibian,pine woods tree frog,tree frog,pine woods tree frog. amphibian.,tree frog. amphibian.,tree frog. amphibian.,amphibian.,tree frog,broad_head,pine woods tree frog|tree frog|amphibian
27474,Batrachoseps nigriventris,Black-bellied Slender Salamander,Amphibia,amphibian,black bellied slender salamander,salamander,black bellied slender salamander. amphibian.,salamander. amphibian.,salamander. amphibian.,amphibian.,salamander,broad_head,black bellied slender salamander|salamander|amphibian
64973,Anaxyrus cognatus,Great Plains Toad,Amphibia,amphibian,great plains toad,toad,great plains toad. amphibian.,toad. amphibian.,toad. amphibian.,amphibian.,toad,broad_head,great plains toad|toad|amphibian
26651,Kurixalus idiootocus,Temple Tree Frog,Amphibia,amphibian,temple tree frog,tree frog,temple tree frog. amphibian.,tree frog. amphibian.,tree frog. amphibian.,amphibian.,tree frog,broad_head,temple tree frog|tree frog|amphibian
22036,Limnodynastes tasmaniensis,Spotted Marsh Frog,Amphibia,amphibian,spotted marsh frog,frog,spotted marsh frog. amphibian.,frog. amphibian.,frog. amphibian.,amphibian.,frog,broad_head,spotted marsh frog|frog|amphibian
27188,Plethodon cylindraceus,White-spotted Slimy Salamander,Amphibia,amphibian,white spotted slimy salamander,salamander,white spotted slimy salamander. amphibian.,salamander. amphibian.,salamander. amphibian.,amphibian.,salamander,broad_head,white spotted slimy salamander|salamander|amphibian
65976,Lithobates blairi,Plains Leopard Frog,Amphibia,amphibian,plains leopard frog,frog,plains leopard frog. amphibian.,frog. amphibian.,frog. amphibian.,amphibian.,frog,broad_head,plains leopard frog|frog|amphibian
27735,Salamandra atra,Alpine Salamander,Amphibia,amphibian,alpine salamander,salamander,alpine salamander. amphibian.,salamander. amphibian.,salamander. amphibian.,amphibian.,salamander,broad_head,alpine salamander|salamander|amphibian
66007,Lithobates septentrionalis,Mink Frog,Amphibia,amphibian,mink frog,frog,mink frog. amphibian.,frog. amphibian.,frog. amphibian.,amphibian.,frog,broad_head,mink frog|frog|amphibian
65448,Engystomops pustulosus,Túngara Frog,Amphibia,amphibian,tungara frog,frog,tungara frog. amphibian.,frog. amphibian.,frog. amphibian.,amphibian.,frog,broad_head,tungara frog|frog|amphibian
64987,Anaxyrus speciosus,Texas Toad,Amphibia,amphibian,texas toad,toad,texas toad. amphibian.,toad. amphibian.,toad. amphibian.,amphibian.,toad,broad_head,texas toad|toad|amphibian
923294,Zhangixalus moltrechti,Moltrecht's Green Tree Frog,Amphibia,amphibian,green tree frog,tree frog,green tree frog. amphibian.,tree frog. amphibian.,tree frog. amphibian.,amphibian.,tree frog,broad_head,green tree frog|tree frog|amphibian
64985,Anaxyrus quercicus,Oak Toad,Amphibia,amphibian,oak toad,toad,oak toad. amphibian.,toad. amphibian.,toad. amphibian.,amphibian.,toad,broad_head,oak toad|toad|amphibian
27519,Speleomantes strinatii,Strinati's Cave Salamander,Amphibia,amphibian,cave salamander,salamander,cave salamander. amphibian.,salamander. amphibian.,salamander. amphibian.,amphibian.,salamander,broad_head,cave salamander|salamander|amphibian
25231,Crinia signifera,Common Eastern Froglet,Amphibia,amphibian,common eastern froglet,froglet,common eastern froglet. amphibian.,froglet. amphibian.,froglet. amphibian.,amphibian.,froglet,broad_head,common eastern froglet|froglet|amphibian
27107,Eurycea guttolineata,Three-lined Salamander,Amphibia,amphibian,three lined salamander,salamander,three lined salamander. amphibian.,salamander. amphibian.,salamander. amphibian.,amphibian.,salamander,broad_head,three lined salamander|salamander|amphibian
710315,Buergeria otai,Ota's stream tree frog,Amphibia,amphibian,stream tree frog,tree frog,stream tree frog. amphibian.,tree frog. amphibian.,tree frog. amphibian.,amphibian.,tree frog,broad_head,stream tree frog|tree frog|amphibian
24263,Pseudacris feriarum,Upland Chorus Frog,Amphibia,amphibian,upland chorus frog,chorus frog,upland chorus frog. amphibian.,chorus frog. amphibian.,chorus frog. amphibian.,amphibian.,chorus frog,broad_head,upland chorus frog|chorus frog|amphibian
25457,Xenopus laevis,African Clawed Frog,Amphibia,amphibian,african clawed frog,frog,african clawed frog. amphibian.,frog. amphibian.,frog. amphibian.,amphibian.,frog,broad_head,african clawed frog|frog|amphibian
22454,Eleutherodactylus coqui,Common Coqui,Amphibia,amphibian,common coqui,coqui,common coqui. amphibian.,coqui. amphibian.,coqui. amphibian.,amphibian.,coqui,broad_head,common coqui|coqui|amphibian
24322,Scinax ruber,Red Snouted Tree Frog,Amphibia,amphibian,red snouted tree frog,tree frog,red snouted tree frog. amphibian.,tree frog. amphibian.,tree frog. amphibian.,amphibian.,tree frog,broad_head,red snouted tree frog|tree frog|amphibian
26258,Hoplobatrachus tigerinus,Indus Valley Bullfrog,Amphibia,amphibian,indus valley bullfrog,bullfrog,indus valley bullfrog. amphibian.,bullfrog. amphibian.,bullfrog. amphibian.,amphibian.,bullfrog,broad_head,indus valley bullfrog|bullfrog|amphibian
1423577,Hoplobatrachus chinensis,East Asian Bullfrog,Amphibia,amphibian,east asian bullfrog,bullfrog,east asian bullfrog. amphibian.,bullfrog. amphibian.,bullfrog. amphibian.,amphibian.,bullfrog,broad_head,east asian bullfrog|bullfrog|amphibian
24267,Pseudacris triseriata,Western Chorus Frog,Amphibia,amphibian,western chorus frog,chorus frog,western chorus frog. amphibian.,chorus frog. amphibian.,chorus frog. amphibian.,amphibian.,chorus frog,broad_head,western chorus frog|chorus frog|amphibian
6930,Anas platyrhynchos,Mallard,Aves,bird,mallard,mallard,mallard. bird.,mallard. bird.,mallard. bird.,bird.,mallard,specific,mallard|bird
13858,Passer domesticus,House Sparrow,Aves,bird,house sparrow,sparrow,house sparrow. bird.,sparrow. bird.,sparrow. bird.,bird.,sparrow,broad_head,house sparrow|sparrow|bird
4956,Ardea herodias,Great Blue Heron,Aves,bird,great blue heron,heron,great blue heron. bird.,heron. bird.,heron. bird.,bird.,heron,broad_head,great blue heron|heron|bird
7089,Branta canadensis,Canada Goose,Aves,bird,canada goose,goose,canada goose. bird.,goose. bird.,goose. bird.,bird.,goose,broad_head,canada goose|goose|bird
12727,Turdus migratorius,American Robin,Aves,bird,american robin,robin,american robin. bird.,robin. bird.,robin. bird.,bird.,robin,broad_head,american robin|robin|bird
3017,Columba livia,Rock Pigeon,Aves,bird,rock pigeon,pigeon,rock pigeon. bird.,pigeon. bird.,pigeon. bird.,bird.,pigeon,broad_head,rock pigeon|pigeon|bird
144455,Ardea alba,Great Egret,Aves,bird,great egret,egret,great egret. bird.,egret. bird.,egret. bird.,bird.,egret,broad_head,great egret|egret|bird
9083,Cardinalis cardinalis,Northern Cardinal,Aves,bird,northern cardinal,cardinal,northern cardinal. bird.,cardinal. bird.,cardinal. bird.,bird.,cardinal,broad_head,northern cardinal|cardinal|bird
14850,Sturnus vulgaris,European Starling,Aves,bird,european starling,starling,european starling. bird.,starling. bird.,starling. bird.,bird.,starling,broad_head,european starling|starling|bird
3454,Zenaida macroura,Mourning Dove,Aves,bird,mourning dove,dove,mourning dove. bird.,dove. bird.,dove. bird.,bird.,dove,broad_head,mourning dove|dove|bird
9744,Agelaius phoeniceus,Red-winged Blackbird,Aves,bird,red winged blackbird,blackbird,red winged blackbird. bird.,blackbird. bird.,blackbird. bird.,bird.,blackbird,broad_head,red winged blackbird|blackbird|bird
4756,Cathartes aura,Turkey Vulture,Aves,bird,turkey vulture,vulture,turkey vulture. bird.,vulture. bird.,vulture. bird.,bird.,vulture,broad_head,turkey vulture|vulture|bird
10094,Junco hyemalis,Dark-eyed Junco,Aves,bird,dark eyed junco,junco,dark eyed junco. bird.,junco. bird.,junco. bird.,bird.,junco,broad_head,dark eyed junco|junco|bird
145245,Setophaga coronata,Yellow-rumped Warbler,Aves,bird,yellow rumped warbler,warbler,yellow rumped warbler. bird.,warbler. bird.,warbler. bird.,bird.,warbler,broad_head,yellow rumped warbler|warbler|bird
4954,Ardea cinerea,Grey Heron,Aves,bird,grey heron,heron,grey heron. bird.,heron. bird.,heron. bird.,bird.,heron,broad_head,grey heron|heron|bird
14886,Mimus polyglottos,Northern Mockingbird,Aves,bird,northern mockingbird,mockingbird,northern mockingbird. bird.,mockingbird. bird.,mockingbird. bird.,bird.,mockingbird,broad_head,northern mockingbird|mockingbird|bird
5305,Haliaeetus leucocephalus,Bald Eagle,Aves,bird,bald eagle,eagle,bald eagle. bird.,eagle. bird.,eagle. bird.,bird.,eagle,broad_head,bald eagle|eagle|bird
116999,Pandion haliaetus,Osprey,Aves,bird,osprey,osprey,osprey. bird.,osprey. bird.,osprey. bird.,bird.,osprey,specific,osprey|bird
1454382,Nannopterum auritum,Double-crested Cormorant,Aves,bird,double crested cormorant,cormorant,double crested cormorant. bird.,cormorant. bird.,cormorant. bird.,bird.,cormorant,broad_head,double crested cormorant|cormorant|bird
792988,Dryobates pubescens,Downy Woodpecker,Aves,bird,downy woodpecker,woodpecker,downy woodpecker. bird.,woodpecker. bird.,woodpecker. bird.,bird.,woodpecker,broad_head,downy woodpecker|woodpecker|bird
11901,Hirundo rustica,Barn Swallow,Aves,bird,barn swallow,swallow,barn swallow. bird.,swallow. bird.,swallow. bird.,bird.,swallow,broad_head,barn swallow|swallow|bird
906,Meleagris gallopavo,Wild Turkey,Aves,bird,wild turkey,turkey,wild turkey. bird.,turkey. bird.,turkey. bird.,bird.,turkey,broad_head,wild turkey|turkey|bird
13695,Motacilla alba,White Wagtail,Aves,bird,white wagtail,wagtail,white wagtail. bird.,wagtail. bird.,wagtail. bird.,bird.,wagtail,broad_head,white wagtail|wagtail|bird
145310,Spinus tristis,American Goldfinch,Aves,bird,american goldfinch,goldfinch,american goldfinch. bird.,goldfinch. bird.,goldfinch. bird.,bird.,goldfinch,broad_head,american goldfinch|goldfinch|bird
6921,Cygnus olor,Mute Swan,Aves,bird,mute swan,swan,mute swan. bird.,swan. bird.,swan. bird.,bird.,swan,broad_head,mute swan|swan|bird
8229,Cyanocitta cristata,Blue Jay,Aves,bird,blue jay,jay,blue jay. bird.,jay. bird.,jay. bird.,bird.,jay,broad_head,blue jay|jay|bird
482,Fulica atra,Eurasian Coot,Aves,bird,eurasian coot,coot,eurasian coot. bird.,coot. bird.,coot. bird.,bird.,coot,broad_head,eurasian coot|coot|bird
473,Fulica americana,American Coot,Aves,bird,american coot,coot,american coot. bird.,coot. bird.,coot. bird.,bird.,coot,broad_head,american coot|coot|bird
8021,Corvus brachyrhynchos,American Crow,Aves,bird,american crow,crow,american crow. bird.,crow. bird.,crow. bird.,bird.,crow,broad_head,american crow|crow|bird
891696,Pica pica,Eurasian Magpie,Aves,bird,eurasian magpie,magpie,eurasian magpie. bird.,magpie. bird.,magpie. bird.,bird.,magpie,broad_head,eurasian magpie|magpie|bird
9176,Zonotrichia leucophrys,White-crowned Sparrow,Aves,bird,white crowned sparrow,sparrow,white crowned sparrow. bird.,sparrow. bird.,sparrow. bird.,bird.,sparrow,broad_head,white crowned sparrow|sparrow|bird
8010,Corvus corax,Common Raven,Aves,bird,common raven,raven,common raven. bird.,raven. bird.,raven. bird.,bird.,raven,broad_head,common raven|raven|bird
2969,Streptopelia decaocto,Eurasian Collared-Dove,Aves,bird,eurasian collared dove,dove,eurasian collared dove. bird.,dove. bird.,dove. bird.,bird.,dove,broad_head,eurasian collared dove|dove|bird
4765,Coragyps atratus,Black Vulture,Aves,bird,black vulture,vulture,black vulture. bird.,vulture. bird.,vulture. bird.,bird.,vulture,broad_head,black vulture|vulture|bird
4665,Falco sparverius,American Kestrel,Aves,bird,american kestrel,kestrel,american kestrel. bird.,kestrel. bird.,kestrel. bird.,bird.,kestrel,broad_head,american kestrel|kestrel|bird
4943,Egretta garzetta,Little Egret,Aves,bird,little egret,egret,little egret. bird.,egret. bird.,egret. bird.,bird.,egret,broad_head,little egret|egret|bird
9184,Zonotrichia albicollis,White-throated Sparrow,Aves,bird,white throated sparrow,sparrow,white throated sparrow. bird.,sparrow. bird.,sparrow. bird.,bird.,sparrow,broad_head,white throated sparrow|sparrow|bird
7107,Aix sponsa,Wood Duck,Aves,bird,wood duck,duck,wood duck. bird.,duck. bird.,duck. bird.,bird.,duck,broad_head,wood duck|duck|bird
6993,Bucephala albeola,Bufflehead,Aves,bird,bufflehead,bufflehead,bufflehead. bird.,bufflehead. bird.,bufflehead. bird.,bird.,bufflehead,specific,bufflehead|bird
3751,Eudocimus albus,White Ibis,Aves,bird,white ibis,ibis,white ibis. bird.,ibis. bird.,ibis. bird.,bird.,ibis,broad_head,white ibis|ibis|bird
12707,Turdus pilaris,Fieldfare,Aves,bird,fieldfare,fieldfare,fieldfare. bird.,fieldfare. bird.,fieldfare. bird.,bird.,fieldfare,specific,fieldfare|bird
20044,Bubo virginianus,Great Horned Owl,Aves,bird,great horned owl,owl,great horned owl. bird.,owl. bird.,owl. bird.,bird.,owl,broad_head,great horned owl|owl|bird
144479,Gallinula galeata,Common Gallinule,Aves,bird,common gallinule,gallinule,common gallinule. bird.,gallinule. bird.,gallinule. bird.,bird.,gallinule,broad_head,common gallinule|gallinule|bird
204496,Corvus corone,Carrion Crow,Aves,bird,carrion crow,crow,carrion crow. bird.,crow. bird.,crow. bird.,bird.,crow,broad_head,carrion crow|crow|bird
506118,Aphelocoma californica,California Scrub-Jay,Aves,bird,california scrub jay,jay,california scrub jay. bird.,jay. bird.,jay. bird.,bird.,jay,broad_head,california scrub jay|jay|bird
9420,Pipilo maculatus,Spotted Towhee,Aves,bird,spotted towhee,towhee,spotted towhee. bird.,towhee. bird.,towhee. bird.,bird.,towhee,broad_head,spotted towhee|towhee|bird
9721,Geothlypis trichas,Common Yellowthroat,Aves,bird,common yellowthroat,yellowthroat,common yellowthroat. bird.,yellowthroat. bird.,yellowthroat. bird.,bird.,yellowthroat,broad_head,common yellowthroat|yellowthroat|bird
1188207,Setophaga aestiva,Northern Yellow Warbler,Aves,bird,northern yellow warbler,warbler,northern yellow warbler. bird.,warbler. bird.,warbler. bird.,bird.,warbler,broad_head,northern yellow warbler|warbler|bird
7278,Aegithalos caudatus,Long-tailed Tit,Aves,bird,long tailed tit,tit,long tailed tit. bird.,tit. bird.,tit. bird.,bird.,tit,broad_head,long tailed tit|tit|bird
19893,Strix varia,Barred Owl,Aves,bird,barred owl,owl,barred owl. bird.,owl. bird.,owl. bird.,bird.,owl,broad_head,barred owl|owl|bird
3864,Calidris minutilla,Least Sandpiper,Aves,bird,least sandpiper,sandpiper,least sandpiper. bird.,sandpiper. bird.,sandpiper. bird.,bird.,sandpiper,broad_head,least sandpiper|sandpiper|bird
145242,Setophaga palmarum,Palm Warbler,Aves,bird,palm warbler,warbler,palm warbler. bird.,warbler. bird.,warbler. bird.,bird.,warbler,broad_head,palm warbler|warbler|bird
6996,Mergus serrator,Red-breasted Merganser,Aves,bird,red breasted merganser,merganser,red breasted merganser. bird.,merganser. bird.,merganser. bird.,bird.,merganser,broad_head,red breasted merganser|merganser|bird
12748,Turdus philomelos,Song Thrush,Aves,bird,song thrush,thrush,song thrush. bird.,thrush. bird.,thrush. bird.,bird.,thrush,broad_head,song thrush|thrush|bird
4450,Sterna hirundo,Common Tern,Aves,bird,common tern,tern,common tern. bird.,tern. bird.,tern. bird.,bird.,tern,broad_head,common tern|tern|bird
3857,Calidris alpina,Dunlin,Aves,bird,dunlin,dunlin,dunlin. bird.,dunlin. bird.,dunlin. bird.,bird.,dunlin,specific,dunlin|bird
9195,Emberiza citrinella,Yellowhammer,Aves,bird,yellowhammer,yellowhammer,yellowhammer. bird.,yellowhammer. bird.,yellowhammer. bird.,bird.,yellowhammer,specific,yellowhammer|bird
7054,Aythya affinis,Lesser Scaup,Aves,bird,lesser scaup,scaup,lesser scaup. bird.,scaup. bird.,scaup. bird.,bird.,scaup,broad_head,lesser scaup|scaup|bird
10271,Pheucticus ludovicianus,Rose-breasted Grosbeak,Aves,bird,rose breasted grosbeak,grosbeak,rose breasted grosbeak. bird.,grosbeak. bird.,grosbeak. bird.,bird.,grosbeak,broad_head,rose breasted grosbeak|grosbeak|bird
14823,Sitta canadensis,Red-breasted Nuthatch,Aves,bird,red breasted nuthatch,nuthatch,red breasted nuthatch. bird.,nuthatch. bird.,nuthatch. bird.,bird.,nuthatch,broad_head,red breasted nuthatch|nuthatch|bird
19349,Myiopsitta monachus,Monk Parakeet,Aves,bird,monk parakeet,parakeet,monk parakeet. bird.,parakeet. bird.,parakeet. bird.,bird.,parakeet,broad_head,monk parakeet|parakeet|bird
882,Gallus gallus,Red Junglefowl,Aves,bird,red junglefowl,owl,red junglefowl. bird.,owl. bird.,owl. bird.,bird.,owl,broad_head,red junglefowl|owl|bird
1204,Pavo cristatus,Indian Peafowl,Aves,bird,indian peafowl,owl,indian peafowl. bird.,owl. bird.,owl. bird.,bird.,owl,broad_head,indian peafowl|owl|bird
204520,Hemiphaga novaeseelandiae,New Zealand Pigeon,Aves,bird,new zealand pigeon,pigeon,new zealand pigeon. bird.,pigeon. bird.,pigeon. bird.,bird.,pigeon,broad_head,new zealand pigeon|pigeon|bird
42223,Odocoileus virginianus,White-tailed Deer,Mammalia,mammal,white tailed deer,deer,white tailed deer. mammal.,deer. mammal.,deer. mammal.,mammal.,deer,broad_head,white tailed deer|deer|mammal
46017,Sciurus carolinensis,Eastern Gray Squirrel,Mammalia,mammal,eastern gray squirrel,squirrel,eastern gray squirrel. mammal.,squirrel. mammal.,squirrel. mammal.,mammal.,squirrel,broad_head,eastern gray squirrel|squirrel|mammal
41663,Procyon lotor,Common Raccoon,Mammalia,mammal,common raccoon,raccoon,common raccoon. mammal.,raccoon. mammal.,raccoon. mammal.,mammal.,raccoon,broad_head,common raccoon|raccoon|mammal
43111,Sylvilagus floridanus,Eastern Cottontail,Mammalia,mammal,eastern cottontail,cottontail,eastern cottontail. mammal.,cottontail. mammal.,cottontail. mammal.,mammal.,cottontail,broad_head,eastern cottontail|cottontail|mammal
46020,Sciurus niger,Eastern Fox Squirrel,Mammalia,mammal,eastern fox squirrel,squirrel,eastern fox squirrel. mammal.,squirrel. mammal.,squirrel. mammal.,mammal.,squirrel,broad_head,eastern fox squirrel|squirrel|mammal
42069,Vulpes vulpes,Red Fox,Mammalia,mammal,red fox,fox,red fox. mammal.,fox. mammal.,fox. mammal.,mammal.,fox,broad_head,red fox|fox|mammal
42051,Canis latrans,Coyote,Mammalia,mammal,coyote,coyote,coyote. mammal.,coyote. mammal.,coyote. mammal.,mammal.,coyote,specific,coyote|mammal
46217,Tamias striatus,Eastern Chipmunk,Mammalia,mammal,eastern chipmunk,chipmunk,eastern chipmunk. mammal.,chipmunk. mammal.,chipmunk. mammal.,mammal.,chipmunk,broad_head,eastern chipmunk|chipmunk|mammal
43794,Castor canadensis,American Beaver,Mammalia,mammal,american beaver,beaver,american beaver. mammal.,beaver. mammal.,beaver. mammal.,mammal.,beaver,broad_head,american beaver|beaver|mammal
42652,Didelphis virginiana,Virginia Opossum,Mammalia,mammal,virginia opossum,opossum,virginia opossum. mammal.,opossum. mammal.,opossum. mammal.,mammal.,opossum,broad_head,virginia opossum|opossum|mammal
42184,Capreolus capreolus,Western Roe Deer,Mammalia,mammal,western roe deer,deer,western roe deer. mammal.,deer. mammal.,deer. mammal.,mammal.,deer,broad_head,western roe deer|deer|mammal
45763,Ondatra zibethicus,Muskrat,Mammalia,mammal,muskrat,muskrat,muskrat. mammal.,muskrat. mammal.,muskrat. mammal.,mammal.,muskrat,specific,muskrat|mammal
43115,Sylvilagus audubonii,Desert Cottontail,Mammalia,mammal,desert cottontail,cottontail,desert cottontail. mammal.,cottontail. mammal.,cottontail. mammal.,mammal.,cottontail,broad_head,desert cottontail|cottontail|mammal
43151,Oryctolagus cuniculus,European Rabbit,Mammalia,mammal,european rabbit,rabbit,european rabbit. mammal.,rabbit. mammal.,rabbit. mammal.,mammal.,rabbit,broad_head,european rabbit|rabbit|mammal
41976,Lynx rufus,Bobcat,Mammalia,mammal,bobcat,bobcat,bobcat. mammal.,bobcat. mammal.,bobcat. mammal.,mammal.,bobcat,specific,bobcat|mammal
41740,Zalophus californianus,California Sea Lion,Mammalia,mammal,california sea lion,sea lion,california sea lion. mammal.,sea lion. mammal.,sea lion. mammal.,mammal.,sea lion,broad_head,california sea lion|sea lion|mammal
43997,Myocastor coypus,Coypu,Mammalia,mammal,coypu,coypu,coypu. mammal.,coypu. mammal.,coypu. mammal.,mammal.,coypu,specific,coypu|mammal
43128,Lepus europaeus,Brown Hare,Mammalia,mammal,brown hare,hare,brown hare. mammal.,hare. mammal.,hare. mammal.,mammal.,hare,broad_head,brown hare|hare|mammal
42888,Macropus giganteus,Eastern Grey Kangaroo,Mammalia,mammal,eastern grey kangaroo,kangaroo,eastern grey kangaroo. mammal.,kangaroo. mammal.,kangaroo. mammal.,mammal.,kangaroo,broad_head,eastern grey kangaroo|kangaroo|mammal
42391,Ovis canadensis,Bighorn Sheep,Mammalia,mammal,bighorn sheep,sheep,bighorn sheep. mammal.,sheep. mammal.,sheep. mammal.,mammal.,sheep,broad_head,bighorn sheep|sheep|mammal
44026,Erethizon dorsatum,North American Porcupine,Mammalia,mammal,north american porcupine,porcupine,north american porcupine. mammal.,porcupine. mammal.,porcupine. mammal.,mammal.,porcupine,broad_head,north american porcupine|porcupine|mammal
43694,Loxodonta africana,African Savanna Elephant,Mammalia,mammal,african savanna elephant,elephant,african savanna elephant. mammal.,elephant. mammal.,elephant. mammal.,mammal.,elephant,broad_head,african savanna elephant|elephant|mammal
41673,Nasua narica,White-nosed Coati,Mammalia,mammal,white nosed coati,coati,white nosed coati. mammal.,coati. mammal.,coati. mammal.,mammal.,coati,broad_head,white nosed coati|coati|mammal
47144,Canis familiaris,Domestic Dog,Mammalia,mammal,domestic dog,dog,domestic dog. mammal.,dog. mammal.,dog. mammal.,mammal.,dog,broad_head,domestic dog|dog|mammal
44576,Rattus norvegicus,Brown Rat,Mammalia,mammal,brown rat,rat,brown rat. mammal.,rat. mammal.,rat. mammal.,mammal.,rat,broad_head,brown rat|rat|mammal
43239,Tachyglossus aculeatus,Short-beaked Echidna,Mammalia,mammal,short beaked echidna,echidna,short beaked echidna. mammal.,echidna. mammal.,echidna. mammal.,mammal.,echidna,broad_head,short beaked echidna|echidna|mammal
42429,Antilocapra americana,Pronghorn,Mammalia,mammal,pronghorn,pronghorn,pronghorn. mammal.,pronghorn. mammal.,pronghorn. mammal.,mammal.,pronghorn,specific,pronghorn|mammal
180010,Callospermophilus lateralis,Common Golden-mantled Ground Squirrel,Mammalia,mammal,common golden mantled ground squirrel,ground squirrel,common golden mantled ground squirrel. mammal.,ground squirrel. mammal.,ground squirrel. mammal.,mammal.,ground squirrel,broad_head,common golden mantled ground squirrel|ground squirrel|mammal
43130,Lepus californicus,Black-tailed Jackrabbit,Mammalia,mammal,black tailed jackrabbit,rabbit,black tailed jackrabbit. mammal.,rabbit. mammal.,rabbit. mammal.,mammal.,rabbit,broad_head,black tailed jackrabbit|rabbit|mammal
1264432,Neogale vison,American Mink,Mammalia,mammal,american mink,mink,american mink. mammal.,mink. mammal.,mink. mammal.,mammal.,mink,broad_head,american mink|mink|mammal
43459,Macaca fascicularis,Long-tailed Macaque,Mammalia,mammal,long tailed macaque,macaque,long tailed macaque. mammal.,macaque. mammal.,macaque. mammal.,mammal.,macaque,broad_head,long tailed macaque|macaque|mammal
42149,Hippopotamus amphibius,Common Hippopotamus,Mammalia,mammal,common hippopotamus,hippopotamus,common hippopotamus. mammal.,hippopotamus. mammal.,hippopotamus. mammal.,mammal.,hippopotamus,broad_head,common hippopotamus|hippopotamus|mammal
43436,Alouatta palliata,Mantled Howler Monkey,Mammalia,mammal,mantled howler monkey,monkey,mantled howler monkey. mammal.,monkey. mammal.,monkey. mammal.,mammal.,monkey,broad_head,mantled howler monkey|monkey|mammal
74442,Hydrochoerus hydrochaeris,Capybara,Mammalia,mammal,capybara,capybara,capybara. mammal.,capybara. mammal.,capybara. mammal.,mammal.,capybara,specific,capybara|mammal
1510571,Giraffa giraffa,Southern Giraffe,Mammalia,mammal,southern giraffe,giraffe,southern giraffe. mammal.,giraffe. mammal.,giraffe. mammal.,mammal.,giraffe,broad_head,southern giraffe|giraffe|mammal
47067,Bradypus variegatus,Brown-throated Three-toed Sloth,Mammalia,mammal,brown throated three toed sloth,sloth,brown throated three toed sloth. mammal.,sloth. mammal.,sloth. mammal.,mammal.,sloth,broad_head,brown throated three toed sloth|sloth|mammal
42280,Connochaetes taurinus,Common Wildebeest,Mammalia,mammal,common wildebeest,wildebeest,common wildebeest. mammal.,wildebeest. mammal.,wildebeest. mammal.,mammal.,wildebeest,broad_head,common wildebeest|wildebeest|mammal
41728,Mirounga angustirostris,Northern Elephant Seal,Mammalia,mammal,northern elephant seal,seal,northern elephant seal. mammal.,seal. mammal.,seal. mammal.,mammal.,seal,broad_head,northern elephant seal|seal|mammal
42881,Macropus fuliginosus,Western Grey Kangaroo,Mammalia,mammal,western grey kangaroo,kangaroo,western grey kangaroo. mammal.,kangaroo. mammal.,kangaroo. mammal.,mammal.,kangaroo,broad_head,western grey kangaroo|kangaroo|mammal
46082,Marmota marmota,Alpine Marmot,Mammalia,mammal,alpine marmot,marmot,alpine marmot. mammal.,marmot. mammal.,marmot. mammal.,mammal.,marmot,broad_head,alpine marmot|marmot|mammal
1369296,Cebus imitator,Central American White-faced Capuchin,Mammalia,mammal,central american white faced capuchin,capuchin,central american white faced capuchin. mammal.,capuchin. mammal.,capuchin. mammal.,mammal.,capuchin,broad_head,central american white faced capuchin|capuchin|mammal
42048,Canis lupus,Gray Wolf,Mammalia,mammal,gray wolf,wolf,gray wolf. mammal.,wolf. mammal.,wolf. mammal.,mammal.,wolf,broad_head,gray wolf|wolf|mammal
42339,Tragelaphus strepsiceros,Greater Kudu,Mammalia,mammal,greater kudu,kudu,greater kudu. mammal.,kudu. mammal.,kudu. mammal.,mammal.,kudu,broad_head,greater kudu|kudu|mammal
42328,Kobus ellipsiprymnus,Waterbuck,Mammalia,mammal,waterbuck,waterbuck,waterbuck. mammal.,waterbuck. mammal.,waterbuck. mammal.,mammal.,waterbuck,specific,waterbuck|mammal
46316,Trichechus manatus,West Indian Manatee,Mammalia,mammal,west indian manatee,manatee,west indian manatee. mammal.,manatee. mammal.,manatee. mammal.,mammal.,manatee,broad_head,west indian manatee|manatee|mammal
43112,Sylvilagus bachmani,Brush Rabbit,Mammalia,mammal,brush rabbit,rabbit,brush rabbit. mammal.,rabbit. mammal.,rabbit. mammal.,mammal.,rabbit,broad_head,brush rabbit|rabbit|mammal
43009,Vombatus ursinus,Bare-nosed Wombat,Mammalia,mammal,bare nosed wombat,bat,bare nosed wombat. mammal.,bat. mammal.,bat. mammal.,mammal.,bat,broad_head,bare nosed wombat|bat|mammal
43102,Sylvilagus palustris,Marsh Rabbit,Mammalia,mammal,marsh rabbit,rabbit,marsh rabbit. mammal.,rabbit. mammal.,rabbit. mammal.,mammal.,rabbit,broad_head,marsh rabbit|rabbit|mammal
43411,Ateles geoffroyi,Central American Spider Monkey,Mammalia,mammal,central american spider monkey,monkey,central american spider monkey. mammal.,monkey. mammal.,monkey. mammal.,mammal.,monkey,broad_head,central american spider monkey|monkey|mammal
42199,Rangifer tarandus,Caribou,Mammalia,mammal,caribou,caribou,caribou. mammal.,caribou. mammal.,caribou. mammal.,mammal.,caribou,specific,caribou|mammal
43460,Macaca mulatta,Rhesus Macaque,Mammalia,mammal,rhesus macaque,macaque,rhesus macaque. mammal.,macaque. mammal.,macaque. mammal.,mammal.,macaque,broad_head,rhesus macaque|macaque|mammal
41963,Panthera pardus,Leopard,Mammalia,mammal,leopard,leopard,leopard. mammal.,leopard. mammal.,leopard. mammal.,mammal.,leopard,specific,leopard|mammal
46005,Sciurus variegatoides,Variegated Squirrel,Mammalia,mammal,variegated squirrel,squirrel,variegated squirrel. mammal.,squirrel. mammal.,squirrel. mammal.,mammal.,squirrel,broad_head,variegated squirrel|squirrel|mammal
41886,Crocuta crocuta,Spotted Hyena,Mammalia,mammal,spotted hyena,hyena,spotted hyena. mammal.,hyena. mammal.,hyena. mammal.,mammal.,hyena,broad_head,spotted hyena|hyena|mammal
43086,Procavia capensis,Rock Hyrax,Mammalia,mammal,rock hyrax,hyrax,rock hyrax. mammal.,hyrax. mammal.,hyrax. mammal.,mammal.,hyrax,broad_head,rock hyrax|hyrax|mammal
42414,Oreamnos americanus,Mountain Goat,Mammalia,mammal,mountain goat,goat,mountain goat. mammal.,goat. mammal.,goat. mammal.,mammal.,goat,broad_head,mountain goat|goat|mammal
179998,Urocitellus columbianus,Columbian Ground Squirrel,Mammalia,mammal,columbian ground squirrel,ground squirrel,columbian ground squirrel. mammal.,ground squirrel. mammal.,ground squirrel. mammal.,mammal.,ground squirrel,broad_head,columbian ground squirrel|ground squirrel|mammal
123070,Capra hircus,Domestic Goat,Mammalia,mammal,domestic goat,goat,domestic goat. mammal.,goat. mammal.,goat. mammal.,mammal.,goat,broad_head,domestic goat|goat|mammal
41738,Zalophus wollebaeki,Galápagos Sea Lion,Mammalia,mammal,galapagos sea lion,sea lion,galapagos sea lion. mammal.,sea lion. mammal.,sea lion. mammal.,mammal.,sea lion,broad_head,galapagos sea lion|sea lion|mammal
41676,Bassariscus astutus,Ringtail,Mammalia,mammal,ringtail,ringtail,ringtail. mammal.,ringtail. mammal.,ringtail. mammal.,mammal.,ringtail,specific,ringtail|mammal
40509,Eptesicus fuscus,Big Brown Bat,Mammalia,mammal,big brown bat,bat,big brown bat. mammal.,bat. mammal.,bat. mammal.,mammal.,bat,broad_head,big brown bat|bat|mammal
41755,Eumetopias jubatus,Steller Sea Lion,Mammalia,mammal,steller sea lion,sea lion,steller sea lion. mammal.,sea lion. mammal.,sea lion. mammal.,mammal.,sea lion,broad_head,steller sea lion|sea lion|mammal
42357,Capra ibex,Alpine Ibex,Mammalia,mammal,alpine ibex,ibex,alpine ibex. mammal.,ibex. mammal.,ibex. mammal.,mammal.,ibex,broad_head,alpine ibex|ibex|mammal
46255,Ammospermophilus leucurus,White-tailed Antelope Squirrel,Mammalia,mammal,white tailed antelope squirrel,squirrel,white tailed antelope squirrel. mammal.,squirrel. mammal.,squirrel. mammal.,mammal.,squirrel,broad_head,white tailed antelope squirrel|squirrel|mammal
47101,Choloepus hoffmanni,Hoffmann's Two-toed Sloth,Mammalia,mammal,two toed sloth,sloth,two toed sloth. mammal.,sloth. mammal.,sloth. mammal.,mammal.,sloth,broad_head,two toed sloth|sloth|mammal
1431867,Tragelaphus sylvaticus,Southern Bushbuck,Mammalia,mammal,southern bushbuck,bushbuck,southern bushbuck. mammal.,bushbuck. mammal.,bushbuck. mammal.,mammal.,bushbuck,broad_head,southern bushbuck|bushbuck|mammal
1210966,Lupulella mesomelas,Black-backed Jackal,Mammalia,mammal,black backed jackal,jackal,black backed jackal. mammal.,jackal. mammal.,jackal. mammal.,mammal.,jackal,broad_head,black backed jackal|jackal|mammal
41742,Arctocephalus pusillus,Brown Fur Seal,Mammalia,mammal,brown fur seal,seal,brown fur seal. mammal.,seal. mammal.,seal. mammal.,mammal.,seal,broad_head,brown fur seal|seal|mammal
43145,Lepus townsendii,White-tailed Jackrabbit,Mammalia,mammal,white tailed jackrabbit,rabbit,white tailed jackrabbit. mammal.,rabbit. mammal.,rabbit. mammal.,mammal.,rabbit,broad_head,white tailed jackrabbit|rabbit|mammal
43697,Elephas maximus,Asian Elephant,Mammalia,mammal,asian elephant,elephant,asian elephant. mammal.,elephant. mammal.,elephant. mammal.,mammal.,elephant,broad_head,asian elephant|elephant|mammal
43348,Ceratotherium simum,White Rhinoceros,Mammalia,mammal,white rhinoceros,rhinoceros,white rhinoceros. mammal.,rhinoceros. mammal.,rhinoceros. mammal.,mammal.,rhinoceros,broad_head,white rhinoceros|rhinoceros|mammal
40905,Pteropus poliocephalus,Grey-headed Flying-fox,Mammalia,mammal,grey headed flying fox,fox,grey headed flying fox. mammal.,fox. mammal.,fox. mammal.,mammal.,fox,broad_head,grey headed flying fox|fox|mammal
42418,Alcelaphus buselaphus,Hartebeest,Mammalia,mammal,hartebeest,hartebeest,hartebeest. mammal.,hartebeest. mammal.,hartebeest. mammal.,mammal.,hartebeest,specific,hartebeest|mammal
74832,Papio anubis,Olive Baboon,Mammalia,mammal,olive baboon,baboon,olive baboon. mammal.,baboon. mammal.,baboon. mammal.,mammal.,baboon,broad_head,olive baboon|baboon|mammal
1511713,Otospermophilus douglasii,Douglas's Ground Squirrel,Mammalia,mammal,ground squirrel,ground squirrel,ground squirrel. mammal.,ground squirrel. mammal.,ground squirrel. mammal.,mammal.,ground squirrel,specific,ground squirrel|mammal
75053,Rusa unicolor,Sambar,Mammalia,mammal,sambar,sambar,sambar. mammal.,sambar. mammal.,sambar. mammal.,mammal.,sambar,specific,sambar|mammal
75192,Tragelaphus oryx,Common Eland,Mammalia,mammal,common eland,eland,common eland. mammal.,eland. mammal.,eland. mammal.,mammal.,eland,broad_head,common eland|eland|mammal
41670,Nasua nasua,South American Coati,Mammalia,mammal,south american coati,coati,south american coati. mammal.,coati. mammal.,coati. mammal.,mammal.,coati,broad_head,south american coati|coati|mammal
1264431,Neogale frenata,Long-tailed Weasel,Mammalia,mammal,long tailed weasel,weasel,long tailed weasel. mammal.,weasel. mammal.,weasel. mammal.,mammal.,weasel,broad_head,long tailed weasel|weasel|mammal
44902,Sigmodon hispidus,Hispid Cotton Rat,Mammalia,mammal,hispid cotton rat,rat,hispid cotton rat. mammal.,rat. mammal.,rat. mammal.,mammal.,rat,broad_head,hispid cotton rat|rat|mammal
851014,Canis aureus,Golden Jackal,Mammalia,mammal,golden jackal,jackal,golden jackal. mammal.,jackal. mammal.,jackal. mammal.,mammal.,jackal,broad_head,golden jackal|jackal|mammal
41955,Acinonyx jubatus,Cheetah,Mammalia,mammal,cheetah,cheetah,cheetah. mammal.,cheetah. mammal.,cheetah. mammal.,mammal.,cheetah,specific,cheetah|mammal
1431273,Clethrionomys glareolus,Bank Vole,Mammalia,mammal,bank vole,vole,bank vole. mammal.,vole. mammal.,vole. mammal.,mammal.,vole,broad_head,bank vole|vole|mammal
42283,Antidorcas marsupialis,Springbok,Mammalia,mammal,springbok,springbok,springbok. mammal.,springbok. mammal.,springbok. mammal.,mammal.,springbok,specific,springbok|mammal
41970,Panthera onca,Jaguar,Mammalia,mammal,jaguar,jaguar,jaguar. mammal.,jaguar. mammal.,jaguar. mammal.,mammal.,jaguar,specific,jaguar|mammal
41440,Phocoena phocoena,Harbour Porpoise,Mammalia,mammal,harbour porpoise,porpoise,harbour porpoise. mammal.,porpoise. mammal.,porpoise. mammal.,mammal.,porpoise,broad_head,harbour porpoise|porpoise|mammal
43109,Sylvilagus nuttallii,Mountain Cottontail,Mammalia,mammal,mountain cottontail,cottontail,mountain cottontail. mammal.,cottontail. mammal.,cottontail. mammal.,mammal.,cottontail,broad_head,mountain cottontail|cottontail|mammal
42342,Tragelaphus angasii,Nyala,Mammalia,mammal,nyala,nyala,nyala. mammal.,nyala. mammal.,nyala. mammal.,mammal.,nyala,specific,nyala|mammal
44173,Hystrix africaeaustralis,Cape Porcupine,Mammalia,mammal,cape porcupine,porcupine,cape porcupine. mammal.,porcupine. mammal.,porcupine. mammal.,mammal.,porcupine,broad_head,cape porcupine|porcupine|mammal
453109,Pekania pennanti,Fisher,Mammalia,mammal,fisher,fisher,fisher. mammal.,fisher. mammal.,fisher. mammal.,mammal.,fisher,specific,fisher|mammal
42308,Oryx gazella,Gemsbok,Mammalia,mammal,gemsbok,gemsbok,gemsbok. mammal.,gemsbok. mammal.,gemsbok. mammal.,mammal.,gemsbok,specific,gemsbok|mammal
47105,Tamandua mexicana,Northern Tamandua,Mammalia,mammal,northern tamandua,tamandua,northern tamandua. mammal.,tamandua. mammal.,tamandua. mammal.,mammal.,tamandua,broad_head,northern tamandua|tamandua|mammal
46272,Glaucomys volans,Southern Flying Squirrel,Mammalia,mammal,southern flying squirrel,squirrel,southern flying squirrel. mammal.,squirrel. mammal.,squirrel. mammal.,mammal.,squirrel,broad_head,southern flying squirrel|squirrel|mammal
43116,Sylvilagus aquaticus,Swamp Rabbit,Mammalia,mammal,swamp rabbit,rabbit,swamp rabbit. mammal.,rabbit. mammal.,rabbit. mammal.,mammal.,rabbit,broad_head,swamp rabbit|rabbit|mammal
45949,Callosciurus finlaysonii,Finlayson's Squirrel,Mammalia,mammal,squirrel,squirrel,squirrel. mammal.,squirrel. mammal.,squirrel. mammal.,mammal.,squirrel,specific,squirrel|mammal
45562,Apodemus sylvaticus,European Wood Mouse,Mammalia,mammal,european wood mouse,mouse,european wood mouse. mammal.,mouse. mammal.,mouse. mammal.,mammal.,mouse,broad_head,european wood mouse|mouse|mammal
42649,Didelphis marsupialis,Southern Opossum,Mammalia,mammal,southern opossum,opossum,southern opossum. mammal.,opossum. mammal.,opossum. mammal.,mammal.,opossum,broad_head,southern opossum|opossum|mammal
121578,Ovis aries,Domestic Sheep,Mammalia,mammal,domestic sheep,sheep,domestic sheep. mammal.,sheep. mammal.,sheep. mammal.,mammal.,sheep,broad_head,domestic sheep|sheep|mammal
569428,Mustela nivalis,Least Weasel,Mammalia,mammal,least weasel,weasel,least weasel. mammal.,weasel. mammal.,weasel. mammal.,mammal.,weasel,broad_head,least weasel|weasel|mammal
44311,Microtus pennsylvanicus,Eastern Meadow Vole,Mammalia,mammal,eastern meadow vole,vole,eastern meadow vole. mammal.,vole. mammal.,vole. mammal.,mammal.,vole,broad_head,eastern meadow vole|vole|mammal
41796,Martes martes,Eurasian Pine Marten,Mammalia,mammal,eurasian pine marten,marten,eurasian pine marten. mammal.,marten. mammal.,marten. mammal.,mammal.,marten,broad_head,eurasian pine marten|marten|mammal
43353,Tapirus terrestris,South American Tapir,Mammalia,mammal,south american tapir,tapir,south american tapir. mammal.,tapir. mammal.,tapir. mammal.,mammal.,tapir,broad_head,south american tapir|tapir|mammal
81925,Bubalus bubalis,Domestic Water Buffalo,Mammalia,mammal,domestic water buffalo,buffalo,domestic water buffalo. mammal.,buffalo. mammal.,buffalo. mammal.,mammal.,buffalo,broad_head,domestic water buffalo|buffalo|mammal
46414,Sorex araneus,Common Shrew,Mammalia,mammal,common shrew,shrew,common shrew. mammal.,shrew. mammal.,shrew. mammal.,mammal.,shrew,broad_head,common shrew|shrew|mammal
41967,Panthera tigris,Tiger,Mammalia,mammal,tiger,tiger,tiger. mammal.,tiger. mammal.,tiger. mammal.,mammal.,tiger,specific,tiger|mammal
44396,Peromyscus maniculatus,Eastern Deermouse,Mammalia,mammal,eastern deermouse,deer,eastern deermouse. mammal.,deer. mammal.,deer. mammal.,mammal.,deer,broad_head,eastern deermouse|deer|mammal
36204,Sceloporus occidentalis,Western Fence Lizard,Reptilia,reptile,western fence lizard,lizard,western fence lizard. reptile.,lizard. reptile.,lizard. reptile.,reptile.,lizard,broad_head,western fence lizard|lizard|reptile
39771,Chrysemys picta,Painted Turtle,Reptilia,reptile,painted turtle,turtle,painted turtle. reptile.,turtle. reptile.,turtle. reptile.,reptile.,turtle,broad_head,painted turtle|turtle|reptile
116461,Anolis sagrei,Brown Anole,Reptilia,reptile,brown anole,anole,brown anole. reptile.,anole. reptile.,anole. reptile.,reptile.,anole,broad_head,brown anole|anole|reptile
39682,Chelydra serpentina,Common Snapping Turtle,Reptilia,reptile,common snapping turtle,turtle,common snapping turtle. reptile.,turtle. reptile.,turtle. reptile.,reptile.,turtle,broad_head,common snapping turtle|turtle|reptile
39814,Terrapene carolina,Common Box Turtle,Reptilia,reptile,common box turtle,turtle,common box turtle. reptile.,turtle. reptile.,turtle. reptile.,reptile.,turtle,broad_head,common box turtle|turtle|reptile
55990,Podarcis muralis,Common Wall Lizard,Reptilia,reptile,common wall lizard,lizard,common wall lizard. reptile.,lizard. reptile.,lizard. reptile.,reptile.,lizard,broad_head,common wall lizard|lizard|reptile
34435,Hemidactylus turcicus,Mediterranean House Gecko,Reptilia,reptile,mediterranean house gecko,house gecko,mediterranean house gecko. reptile.,house gecko. reptile.,house gecko. reptile.,reptile.,house gecko,broad_head,mediterranean house gecko|house gecko|reptile
35303,Ctenosaura similis,Black Spiny-tailed Iguana,Reptilia,reptile,black spiny tailed iguana,spiny tailed iguana,black spiny tailed iguana. reptile.,spiny tailed iguana. reptile.,spiny tailed iguana. reptile.,reptile.,spiny tailed iguana,broad_head,black spiny tailed iguana|spiny tailed iguana|reptile
26575,Diadophis punctatus,Ring-necked Snake,Reptilia,reptile,ring necked snake,snake,ring necked snake. reptile.,snake. reptile.,snake. reptile.,reptile.,snake,broad_head,ring necked snake|snake|reptile
48268,Crotalus oreganus,Western Rattlesnake,Reptilia,reptile,western rattlesnake,rattlesnake,western rattlesnake. reptile.,rattlesnake. reptile.,rattlesnake. reptile.,reptile.,rattlesnake,broad_head,western rattlesnake|rattlesnake|reptile
35912,Lacerta agilis,Sand Lizard,Reptilia,reptile,sand lizard,lizard,sand lizard. reptile.,lizard. reptile.,lizard. reptile.,reptile.,lizard,broad_head,sand lizard|lizard|reptile
31281,Calotes versicolor,Oriental Garden Lizard,Reptilia,reptile,oriental garden lizard,lizard,oriental garden lizard. reptile.,lizard. reptile.,lizard. reptile.,reptile.,lizard,broad_head,oriental garden lizard|lizard|reptile
146186,Intellagama lesueurii,Australian Water Dragon,Reptilia,reptile,australian water dragon,water dragon,australian water dragon. reptile.,water dragon. reptile.,water dragon. reptile.,reptile.,water dragon,broad_head,australian water dragon|water dragon|reptile
966787,Natrix natrix,grass snake,Reptilia,reptile,grass snake,snake,grass snake. reptile.,snake. reptile.,snake. reptile.,reptile.,snake,broad_head,grass snake|snake|reptile
30764,Crotalus atrox,Western Diamond-backed Rattlesnake,Reptilia,reptile,western diamond backed rattlesnake,rattlesnake,western diamond backed rattlesnake. reptile.,rattlesnake. reptile.,rattlesnake. reptile.,reptile.,rattlesnake,broad_head,western diamond backed rattlesnake|rattlesnake|reptile
36142,Sceloporus undulatus,Eastern Fence Lizard,Reptilia,reptile,eastern fence lizard,lizard,eastern fence lizard. reptile.,lizard. reptile.,lizard. reptile.,reptile.,lizard,broad_head,eastern fence lizard|lizard|reptile
68492,Hemidactylus mabouia,Tropical House Gecko,Reptilia,reptile,tropical house gecko,house gecko,tropical house gecko. reptile.,house gecko. reptile.,house gecko. reptile.,reptile.,house gecko,broad_head,tropical house gecko|house gecko|reptile
59644,Pantherophis alleghaniensis,Eastern Ratsnake,Reptilia,reptile,eastern ratsnake,ratsnake,eastern ratsnake. reptile.,ratsnake. reptile.,ratsnake. reptile.,reptile.,ratsnake,broad_head,eastern ratsnake|ratsnake|reptile
337045,Podarcis siculus,Italian Wall Lizard,Reptilia,reptile,italian wall lizard,lizard,italian wall lizard. reptile.,lizard. reptile.,lizard. reptile.,reptile.,lizard,broad_head,italian wall lizard|lizard|reptile
912622,Agkistrodon contortrix,Eastern Copperhead,Reptilia,reptile,eastern copperhead,copperhead,eastern copperhead. reptile.,copperhead. reptile.,copperhead. reptile.,reptile.,copperhead,broad_head,eastern copperhead|copperhead|reptile
67642,Pantherophis spiloides,Gray Ratsnake,Reptilia,reptile,gray ratsnake,ratsnake,gray ratsnake. reptile.,ratsnake. reptile.,ratsnake. reptile.,reptile.,ratsnake,broad_head,gray ratsnake|ratsnake|reptile
29317,Nerodia fasciata,Banded Watersnake,Reptilia,reptile,banded watersnake,watersnake,banded watersnake. reptile.,watersnake. reptile.,watersnake. reptile.,reptile.,watersnake,broad_head,banded watersnake|watersnake|reptile
38671,Aspidoscelis tigris,Western Whiptail,Reptilia,reptile,western whiptail,whiptail,western whiptail. reptile.,whiptail. reptile.,whiptail. reptile.,reptile.,whiptail,broad_head,western whiptail|whiptail|reptile
904170,Agkistrodon piscivorus,Northern Cottonmouth,Reptilia,reptile,northern cottonmouth,cottonmouth,northern cottonmouth. reptile.,cottonmouth. reptile.,cottonmouth. reptile.,reptile.,cottonmouth,broad_head,northern cottonmouth|cottonmouth|reptile
28557,Storeria occipitomaculata,Red-bellied Snake,Reptilia,reptile,red bellied snake,snake,red bellied snake. reptile.,snake. reptile.,snake. reptile.,reptile.,snake,broad_head,red bellied snake|snake|reptile
1544605,Terrapene triunguis,Three-toed Box Turtle,Reptilia,reptile,three toed box turtle,turtle,three toed box turtle. reptile.,turtle. reptile.,turtle. reptile.,reptile.,turtle,broad_head,three toed box turtle|turtle|reptile
29200,Opheodrys aestivus,Rough Greensnake,Reptilia,reptile,rough greensnake,snake,rough greensnake. reptile.,snake. reptile.,snake. reptile.,reptile.,snake,broad_head,rough greensnake|snake|reptile
60349,Scincella lateralis,Little Brown Skink,Reptilia,reptile,little brown skink,skink,little brown skink. reptile.,skink. reptile.,skink. reptile.,reptile.,skink,broad_head,little brown skink|skink|reptile
35900,Lacerta bilineata,Western Green Lizard,Reptilia,reptile,western green lizard,lizard,western green lizard. reptile.,lizard. reptile.,lizard. reptile.,reptile.,lizard,broad_head,western green lizard|lizard|reptile
39858,Graptemys geographica,Northern Map Turtle,Reptilia,reptile,northern map turtle,turtle,northern map turtle. reptile.,turtle. reptile.,turtle. reptile.,reptile.,turtle,broad_head,northern map turtle|turtle|reptile
36488,Anolis cristatellus,Crested Anole,Reptilia,reptile,crested anole,anole,crested anole. reptile.,anole. reptile.,anole. reptile.,reptile.,anole,broad_head,crested anole|anole|reptile
34615,Gekko gecko,Tokay Gecko,Reptilia,reptile,tokay gecko,gecko,tokay gecko. reptile.,gecko. reptile.,gecko. reptile.,reptile.,gecko,broad_head,tokay gecko|gecko|reptile
28389,Thamnophis ordinoides,Northwestern Garter Snake,Reptilia,reptile,northwestern garter snake,snake,northwestern garter snake. reptile.,snake. reptile.,snake. reptile.,reptile.,snake,broad_head,northwestern garter snake|snake|reptile
29310,Nerodia rhombifer,Diamondback Watersnake,Reptilia,reptile,diamondback watersnake,watersnake,diamondback watersnake. reptile.,watersnake. reptile.,watersnake. reptile.,reptile.,watersnake,broad_head,diamondback watersnake|watersnake|reptile
717858,Aspidoscelis sexlineatus,Six-lined Racerunner,Reptilia,reptile,six lined racerunner,racerunner,six lined racerunner. reptile.,racerunner. reptile.,racerunner. reptile.,reptile.,racerunner,broad_head,six lined racerunner|racerunner|reptile
32064,Elgaria coerulea,Northern Alligator Lizard,Reptilia,reptile,northern alligator lizard,lizard,northern alligator lizard. reptile.,lizard. reptile.,lizard. reptile.,reptile.,lizard,broad_head,northern alligator lizard|lizard|reptile
29925,Heterodon platirhinos,Eastern Hognose Snake,Reptilia,reptile,eastern hognose snake,snake,eastern hognose snake. reptile.,snake. reptile.,snake. reptile.,reptile.,snake,broad_head,eastern hognose snake|snake|reptile
73905,Phrynosoma cornutum,Texas Horned Lizard,Reptilia,reptile,texas horned lizard,lizard,texas horned lizard. reptile.,lizard. reptile.,lizard. reptile.,reptile.,lizard,broad_head,texas horned lizard|lizard|reptile
797638,Diploderma swinhonis,Taiwan Japalure,Reptilia,reptile,taiwan japalure,japalure,taiwan japalure. reptile.,japalure. reptile.,japalure. reptile.,reptile.,japalure,broad_head,taiwan japalure|japalure|reptile
34050,Phelsuma laticauda,Gold Dust Day Gecko,Reptilia,reptile,gold dust day gecko,gecko,gold dust day gecko. reptile.,gecko. reptile.,gecko. reptile.,reptile.,gecko,broad_head,gold dust day gecko|gecko|reptile
35306,Ctenosaura pectinata,Western Spiny-tailed Iguana,Reptilia,reptile,western spiny tailed iguana,spiny tailed iguana,western spiny tailed iguana. reptile.,spiny tailed iguana. reptile.,spiny tailed iguana. reptile.,reptile.,spiny tailed iguana,broad_head,western spiny tailed iguana|spiny tailed iguana|reptile
37460,Tiliqua rugosa,Shingleback,Reptilia,reptile,shingleback,shingleback,shingleback. reptile.,shingleback. reptile.,shingleback. reptile.,reptile.,shingleback,specific,shingleback|reptile
36315,Phrynosoma hernandesi,Greater Short-horned Lizard,Reptilia,reptile,greater short horned lizard,lizard,greater short horned lizard. reptile.,lizard. reptile.,lizard. reptile.,reptile.,lizard,broad_head,greater short horned lizard|lizard|reptile
50238,Morelia spilota,Carpet Python,Reptilia,reptile,carpet python,python,carpet python. reptile.,python. reptile.,python. reptile.,reptile.,python,broad_head,carpet python|python|reptile
73792,Plestiodon laticeps,Broad-headed Skink,Reptilia,reptile,broad headed skink,skink,broad headed skink. reptile.,skink. reptile.,skink. reptile.,reptile.,skink,broad_head,broad headed skink|skink|reptile
37456,Tiliqua scincoides,Common Bluetongue,Reptilia,reptile,common bluetongue,bluetongue,common bluetongue. reptile.,bluetongue. reptile.,bluetongue. reptile.,reptile.,bluetongue,broad_head,common bluetongue|bluetongue|reptile
31150,Agama atra,Southern Rock Agama,Reptilia,reptile,southern rock agama,agama,southern rock agama. reptile.,agama. reptile.,agama. reptile.,reptile.,agama,broad_head,southern rock agama|agama|reptile
37769,Plestiodon skiltonianus,Western Skink,Reptilia,reptile,western skink,skink,western skink. reptile.,skink. reptile.,skink. reptile.,reptile.,skink,broad_head,western skink|skink|reptile
35854,Lacerta viridis,Green Lizard,Reptilia,reptile,green lizard,lizard,green lizard. reptile.,lizard. reptile.,lizard. reptile.,reptile.,lizard,broad_head,green lizard|lizard|reptile
116517,Caiman crocodilus,Spectacled Caiman,Reptilia,reptile,spectacled caiman,caiman,spectacled caiman. reptile.,caiman. reptile.,caiman. reptile.,reptile.,caiman,broad_head,spectacled caiman|caiman|reptile
36076,Cophosaurus texanus,Greater Earless Lizard,Reptilia,reptile,greater earless lizard,lizard,greater earless lizard. reptile.,lizard. reptile.,lizard. reptile.,reptile.,lizard,broad_head,greater earless lizard|lizard|reptile
55960,Sceloporus graciosus,Common Sagebrush Lizard,Reptilia,reptile,common sagebrush lizard,lizard,common sagebrush lizard. reptile.,lizard. reptile.,lizard. reptile.,reptile.,lizard,broad_head,common sagebrush lizard|lizard|reptile
33135,Crotaphytus collaris,Eastern Collared Lizard,Reptilia,reptile,eastern collared lizard,lizard,eastern collared lizard. reptile.,lizard. reptile.,lizard. reptile.,reptile.,lizard,broad_head,eastern collared lizard|lizard|reptile
35347,Amblyrhynchus cristatus,Marine Iguana,Reptilia,reptile,marine iguana,iguana,marine iguana. reptile.,iguana. reptile.,iguana. reptile.,reptile.,iguana,broad_head,marine iguana|iguana|reptile
73887,Pantherophis guttatus,Red Cornsnake,Reptilia,reptile,red cornsnake,snake,red cornsnake. reptile.,snake. reptile.,snake. reptile.,reptile.,snake,broad_head,red cornsnake|snake|reptile
40092,Stigmochelys pardalis,Leopard Tortoise,Reptilia,reptile,leopard tortoise,tortoise,leopard tortoise. reptile.,tortoise. reptile.,tortoise. reptile.,reptile.,tortoise,broad_head,leopard tortoise|tortoise|reptile
33121,Basiliscus basiliscus,Common Basilisk,Reptilia,reptile,common basilisk,basilisk,common basilisk. reptile.,basilisk. reptile.,basilisk. reptile.,reptile.,basilisk,broad_head,common basilisk|basilisk|reptile
341972,Crocodylus niloticus,Nile Crocodile,Reptilia,reptile,nile crocodile,crocodile,nile crocodile. reptile.,crocodile. reptile.,crocodile. reptile.,reptile.,crocodile,broad_head,nile crocodile|crocodile|reptile
40021,Chersina angulata,Angulate Tortoise,Reptilia,reptile,angulate tortoise,tortoise,angulate tortoise. reptile.,tortoise. reptile.,tortoise. reptile.,reptile.,tortoise,broad_head,angulate tortoise|tortoise|reptile
81526,Crotalus viridis,Prairie Rattlesnake,Reptilia,reptile,prairie rattlesnake,rattlesnake,prairie rattlesnake. reptile.,rattlesnake. reptile.,rattlesnake. reptile.,reptile.,rattlesnake,broad_head,prairie rattlesnake|rattlesnake|reptile
34580,Gonatodes albogularis,Yellow-headed Gecko,Reptilia,reptile,yellow headed gecko,gecko,yellow headed gecko. reptile.,gecko. reptile.,gecko. reptile.,reptile.,gecko,broad_head,yellow headed gecko|gecko|reptile
71212,Testudo hermanni,Hermann's Tortoise,Reptilia,reptile,tortoise,tortoise,tortoise. reptile.,tortoise. reptile.,tortoise. reptile.,reptile.,tortoise,specific,tortoise|reptile
39826,Pseudemys rubriventris,Northern Red-bellied Cooter,Reptilia,reptile,northern red bellied cooter,cooter,northern red bellied cooter. reptile.,cooter. reptile.,cooter. reptile.,reptile.,cooter,broad_head,northern red bellied cooter|cooter|reptile
39672,Eretmochelys imbricata,Hawksbill Sea Turtle,Reptilia,reptile,hawksbill sea turtle,sea turtle,hawksbill sea turtle. reptile.,sea turtle. reptile.,sea turtle. reptile.,reptile.,sea turtle,broad_head,hawksbill sea turtle|sea turtle|reptile
73592,Actinemys marmorata,Northwestern Pond Turtle,Reptilia,reptile,northwestern pond turtle,turtle,northwestern pond turtle. reptile.,turtle. reptile.,turtle. reptile.,reptile.,turtle,broad_head,northwestern pond turtle|turtle|reptile
26068,Crocodylus porosus,Saltwater Crocodile,Reptilia,reptile,saltwater crocodile,crocodile,saltwater crocodile. reptile.,crocodile. reptile.,crocodile. reptile.,reptile.,crocodile,broad_head,saltwater crocodile|crocodile|reptile
28390,Thamnophis marcianus,Checkered Garter Snake,Reptilia,reptile,checkered garter snake,snake,checkered garter snake. reptile.,snake. reptile.,snake. reptile.,reptile.,snake,broad_head,checkered garter snake|snake|reptile
39665,Caretta caretta,Loggerhead Sea Turtle,Reptilia,reptile,loggerhead sea turtle,sea turtle,loggerhead sea turtle. reptile.,sea turtle. reptile.,sea turtle. reptile.,reptile.,sea turtle,broad_head,loggerhead sea turtle|sea turtle|reptile
32954,Bradypodion pumilum,Cape Dwarf Chameleon,Reptilia,reptile,cape dwarf chameleon,chameleon,cape dwarf chameleon. reptile.,chameleon. reptile.,chameleon. reptile.,reptile.,chameleon,broad_head,cape dwarf chameleon|chameleon|reptile
904173,Agkistrodon conanti,Florida Cottonmouth,Reptilia,reptile,florida cottonmouth,cottonmouth,florida cottonmouth. reptile.,cottonmouth. reptile.,cottonmouth. reptile.,reptile.,cottonmouth,broad_head,florida cottonmouth|cottonmouth|reptile
35153,Pseudechis porphyriacus,Red-bellied Black Snake,Reptilia,reptile,red bellied black snake,snake,red bellied black snake. reptile.,snake. reptile.,snake. reptile.,reptile.,snake,broad_head,red bellied black snake|snake|reptile
243904,Phrynosoma platyrhinos,Desert Horned Lizard,Reptilia,reptile,desert horned lizard,lizard,desert horned lizard. reptile.,lizard. reptile.,lizard. reptile.,reptile.,lizard,broad_head,desert horned lizard|lizard|reptile
38913,Ameiva ameiva,Giant Ameiva,Reptilia,reptile,giant ameiva,ameiva,giant ameiva. reptile.,ameiva. reptile.,ameiva. reptile.,reptile.,ameiva,broad_head,giant ameiva|ameiva|reptile
36198,Sceloporus orcutti,Granite Spiny Lizard,Reptilia,reptile,granite spiny lizard,lizard,granite spiny lizard. reptile.,lizard. reptile.,lizard. reptile.,reptile.,lizard,broad_head,granite spiny lizard|lizard|reptile
31631,Amphibolurus muricatus,Jacky Dragon,Reptilia,reptile,jacky dragon,dragon,jacky dragon. reptile.,dragon. reptile.,dragon. reptile.,reptile.,dragon,broad_head,jacky dragon|dragon|reptile
71085,Varanus niloticus,Nile Monitor,Reptilia,reptile,nile monitor,monitor,nile monitor. reptile.,monitor. reptile.,monitor. reptile.,reptile.,monitor,broad_head,nile monitor|monitor|reptile
99882,Emydura macquarii,Eastern Short-necked Turtle,Reptilia,reptile,eastern short necked turtle,turtle,eastern short necked turtle. reptile.,turtle. reptile.,turtle. reptile.,reptile.,turtle,broad_head,eastern short necked turtle|turtle|reptile
146314,Opheodrys vernalis,Smooth Greensnake,Reptilia,reptile,smooth greensnake,snake,smooth greensnake. reptile.,snake. reptile.,snake. reptile.,reptile.,snake,broad_head,smooth greensnake|snake|reptile
35995,Gallotia galloti,Tenerife Lizard,Reptilia,reptile,tenerife lizard,lizard,tenerife lizard. reptile.,lizard. reptile.,lizard. reptile.,reptile.,lizard,broad_head,tenerife lizard|lizard|reptile
30187,Ahaetulla prasina,Oriental Whipsnake,Reptilia,reptile,oriental whipsnake,snake,oriental whipsnake. reptile.,snake. reptile.,snake. reptile.,reptile.,snake,broad_head,oriental whipsnake|snake|reptile
50000,Clemmys guttata,Spotted Turtle,Reptilia,reptile,spotted turtle,turtle,spotted turtle. reptile.,turtle. reptile.,turtle. reptile.,reptile.,turtle,broad_head,spotted turtle|turtle|reptile
29818,Lampropeltis holbrooki,Speckled Kingsnake,Reptilia,reptile,speckled kingsnake,snake,speckled kingsnake. reptile.,snake. reptile.,snake. reptile.,reptile.,snake,broad_head,speckled kingsnake|snake|reptile
33387,Coleonyx variegatus,Western Banded Gecko,Reptilia,reptile,western banded gecko,gecko,western banded gecko. reptile.,gecko. reptile.,gecko. reptile.,reptile.,gecko,broad_head,western banded gecko|gecko|reptile
38291,Lampropholis guichenoti,Pale-flecked Garden Sunskink,Reptilia,reptile,pale flecked garden sunskink,skink,pale flecked garden sunskink. reptile.,skink. reptile.,skink. reptile.,reptile.,skink,broad_head,pale flecked garden sunskink|skink|reptile
39950,Mauremys sinensis,Common thread turtle,Reptilia,reptile,common thread turtle,turtle,common thread turtle. reptile.,turtle. reptile.,turtle. reptile.,reptile.,turtle,broad_head,common thread turtle|turtle|reptile
39598,Chelodina longicollis,Eastern Snake-necked Turtle,Reptilia,reptile,eastern snake necked turtle,turtle,eastern snake necked turtle. reptile.,turtle. reptile.,turtle. reptile.,reptile.,turtle,broad_head,eastern snake necked turtle|turtle|reptile
39670,Lepidochelys olivacea,Olive Ridley Sea Turtle,Reptilia,reptile,olive ridley sea turtle,sea turtle,olive ridley sea turtle. reptile.,sea turtle. reptile.,sea turtle. reptile.,reptile.,sea turtle,broad_head,olive ridley sea turtle|sea turtle|reptile
26074,Crocodylus moreletii,Morelet's Crocodile,Reptilia,reptile,crocodile,crocodile,crocodile. reptile.,crocodile. reptile.,crocodile. reptile.,reptile.,crocodile,specific,crocodile|reptile
32093,Boa constrictor,Boa Constrictor,Reptilia,reptile,boa constrictor,boa,boa constrictor. reptile.,boa. reptile.,boa. reptile.,reptile.,boa,broad_head,boa constrictor|boa|reptile
539039,Chelonoidis carbonarius,Red-footed Tortoise,Reptilia,reptile,red footed tortoise,tortoise,red footed tortoise. reptile.,tortoise. reptile.,tortoise. reptile.,reptile.,tortoise,broad_head,red footed tortoise|tortoise|reptile
31411,Pogona vitticeps,Central Bearded Dragon,Reptilia,reptile,central bearded dragon,dragon,central bearded dragon. reptile.,dragon. reptile.,dragon. reptile.,reptile.,dragon,broad_head,central bearded dragon|dragon|reptile
